{
  "national": {
    "sampers_weighted_score": 0.5957908182483387,
    "twitter_weighted_score": 0.527668094364777
  },
  "east": {
    "sampers_weighted_score": 0.11311355781543479,
    "twitter_weighted_score": 0.3700622303598823
  },
  "west": {
    "sampers_weighted_score": 0.21822395780634518,
    "twitter_weighted_score": 0.49075482203428117
  }
}