{
  "national": 0.019194475908723342,
  "east": 0.04014921337180059,
  "west": 0.042435204029343435
}