{
  "national": {
    "sampers_weighted_score": 0.539569675096515,
    "twitter_weighted_score": 0.545455296623637
  },
  "east": {
    "sampers_weighted_score": 0.046305966928240516,
    "twitter_weighted_score": 0.11439652279441127
  },
  "west": {
    "sampers_weighted_score": 0.026924049013561747,
    "twitter_weighted_score": 0.14540985664538117
  }
}