{
  "national": {
    "sampers_weighted_score": 0.492495746113599,
    "twitter_weighted_score": 0.5266949861138013
  },
  "east": {
    "sampers_weighted_score": 0.26519183647467975,
    "twitter_weighted_score": 0.242408059948263
  },
  "west": {
    "sampers_weighted_score": 0.32747473476025496,
    "twitter_weighted_score": 0.2858297264450241
  }
}