{
  "national": {
    "sampers_weighted_score": 0.6178838700547886,
    "twitter_weighted_score": 0.6003792675671069
  },
  "east": {
    "sampers_weighted_score": 0.04723827779281144,
    "twitter_weighted_score": 0.11661072702778728
  },
  "west": {
    "sampers_weighted_score": 0.02698933955594842,
    "twitter_weighted_score": 0.14437928670362365
  }
}