{
  "national": {
    "sampers_weighted_score": 0.4836213896594568,
    "twitter_weighted_score": 0.5187078728904702
  },
  "east": {
    "sampers_weighted_score": 0.2875739155552519,
    "twitter_weighted_score": 0.3974468893806488
  },
  "west": {
    "sampers_weighted_score": 0.3363371730354672,
    "twitter_weighted_score": 0.4428994355793644
  }
}