{
  "national": {
    "sampers_weighted_score": 0.5935881502680233,
    "twitter_weighted_score": 0.577883234892359
  },
  "east": {
    "sampers_weighted_score": 0.2582006997078423,
    "twitter_weighted_score": 0.2675083922857153
  },
  "west": {
    "sampers_weighted_score": 0.32516968809871344,
    "twitter_weighted_score": 0.3174031353982457
  }
}