{
  "national": {
    "sampers_weighted_score": 0.605300468554083,
    "twitter_weighted_score": 0.6082073353630597
  },
  "east": {
    "sampers_weighted_score": 0.04545992835113032,
    "twitter_weighted_score": 0.1306575001959143
  },
  "west": {
    "sampers_weighted_score": 0.026539342978134865,
    "twitter_weighted_score": 0.16114762215678347
  }
}