{
  "national": {
    "sampers_weighted_score": 0.5421004543421053,
    "twitter_weighted_score": 0.5411035146281892
  },
  "east": {
    "sampers_weighted_score": 0.2960581054772095,
    "twitter_weighted_score": 0.3020281706566448
  },
  "west": {
    "sampers_weighted_score": 0.35534470251659506,
    "twitter_weighted_score": 0.3359279365092864
  }
}