{
  "national": {
    "sampers_weighted_score": 0.49381139335607616,
    "twitter_weighted_score": 0.521976366809092
  },
  "east": {
    "sampers_weighted_score": 0.26577879144132305,
    "twitter_weighted_score": 0.24090883402617988
  },
  "west": {
    "sampers_weighted_score": 0.32741508902765165,
    "twitter_weighted_score": 0.2839804912951207
  }
}