{
  "national": {
    "sampers_weighted_score": 0.4945717175955312,
    "twitter_weighted_score": 0.5233101028568087
  },
  "east": {
    "sampers_weighted_score": 0.04020502968559067,
    "twitter_weighted_score": 0.1538086758322967
  },
  "west": {
    "sampers_weighted_score": 0.02379292723772285,
    "twitter_weighted_score": 0.19460502248826825
  }
}