{
  "national": {
    "sampers_weighted_score": 0.5677688531305528,
    "twitter_weighted_score": 0.507709483280856
  },
  "east": {
    "sampers_weighted_score": 0.294083216931709,
    "twitter_weighted_score": 0.3026159913080292
  },
  "west": {
    "sampers_weighted_score": 0.351374484437701,
    "twitter_weighted_score": 0.3348824919109157
  }
}