{
  "national": {
    "sampers_weighted_score": 0.5397657121444625,
    "twitter_weighted_score": 0.5467388908021864
  },
  "east": {
    "sampers_weighted_score": 0.045806380959869976,
    "twitter_weighted_score": 0.11758152288809419
  },
  "west": {
    "sampers_weighted_score": 0.026951823297967366,
    "twitter_weighted_score": 0.14972186933304726
  }
}