{
  "national": {
    "sampers_weighted_score": 0.5245489715551448,
    "twitter_weighted_score": 0.5548768889903563
  },
  "east": {
    "sampers_weighted_score": 0.2525856898157553,
    "twitter_weighted_score": 0.28875850333808606
  },
  "west": {
    "sampers_weighted_score": 0.3207466039013659,
    "twitter_weighted_score": 0.35057128251936087
  }
}