{
  "national": {
    "sampers_weighted_score": 0.5377135511845675,
    "twitter_weighted_score": 0.5536784317422269
  },
  "east": {
    "sampers_weighted_score": 0.2622261361174693,
    "twitter_weighted_score": 0.2508087305489326
  },
  "west": {
    "sampers_weighted_score": 0.3263454999740619,
    "twitter_weighted_score": 0.2960977949277055
  }
}