{
  "national": NaN,
  "east": 0.12416705483883117,
  "west": 0.1239591420020637
}