{
  "national": {
    "sampers_weighted_score": 0.5518807161304025,
    "twitter_weighted_score": 0.545249200657052
  },
  "east": {
    "sampers_weighted_score": 0.2961043075454917,
    "twitter_weighted_score": 0.28597554413809734
  },
  "west": {
    "sampers_weighted_score": 0.3523880596587495,
    "twitter_weighted_score": 0.316773690547413
  }
}