{
  "national": 0.010486770093850385,
  "east": 0.04402809282135431,
  "west": 0.06358853816660483
}