{
  "national": {
    "sampers_weighted_score": 0.5447945320660504,
    "twitter_weighted_score": 0.5688493886692465
  },
  "east": {
    "sampers_weighted_score": 0.26229553687014007,
    "twitter_weighted_score": 0.25565001973701634
  },
  "west": {
    "sampers_weighted_score": 0.327024844202678,
    "twitter_weighted_score": 0.3023627929612736
  }
}