{
  "national": {
    "sampers_weighted_score": 0.5524894998191968,
    "twitter_weighted_score": 0.5317535222632624
  },
  "east": {
    "sampers_weighted_score": 0.26323307024154047,
    "twitter_weighted_score": 0.24850438232941174
  },
  "west": {
    "sampers_weighted_score": 0.3261190622357303,
    "twitter_weighted_score": 0.29145648412093267
  }
}