{
  "national": {
    "sampers_weighted_score": 0.5775394675452574,
    "twitter_weighted_score": 0.5810761136100685
  },
  "east": {
    "sampers_weighted_score": 0.04786044602405226,
    "twitter_weighted_score": 0.10207611635627734
  },
  "west": {
    "sampers_weighted_score": 0.028058725350434424,
    "twitter_weighted_score": 0.12677754102575586
  }
}