{
  "national": {
    "sampers_weighted_score": 0.49782988549907625,
    "twitter_weighted_score": 0.49638208222454167
  },
  "east": {
    "sampers_weighted_score": 0.29555318504819106,
    "twitter_weighted_score": 0.2992846711549179
  },
  "west": {
    "sampers_weighted_score": 0.35435781904257885,
    "twitter_weighted_score": 0.3343612867424954
  }
}