{
  "national": {
    "sampers_weighted_score": 0.4774273430220161,
    "twitter_weighted_score": 0.5012211766605936
  },
  "east": {
    "sampers_weighted_score": 0.2963238699787846,
    "twitter_weighted_score": 0.27012039275752103
  },
  "west": {
    "sampers_weighted_score": 0.35049994344025204,
    "twitter_weighted_score": 0.2989223537621847
  }
}