{
  "national": {
    "sampers_weighted_score": 0.5847907552616762,
    "twitter_weighted_score": 0.5597009690684086
  },
  "east": {
    "sampers_weighted_score": 0.2583575933356991,
    "twitter_weighted_score": 0.2667053107364193
  },
  "west": {
    "sampers_weighted_score": 0.32507903337996186,
    "twitter_weighted_score": 0.3149688370705096
  }
}