{
  "national": {
    "sampers_weighted_score": 0.5164095860065424,
    "twitter_weighted_score": 0.5568347231859627
  },
  "east": {
    "sampers_weighted_score": 0.25392310457912576,
    "twitter_weighted_score": 0.30834932404820536
  },
  "west": {
    "sampers_weighted_score": 0.32304522591053575,
    "twitter_weighted_score": 0.3782313505196442
  }
}