{
  "national": {
    "sampers_weighted_score": 0.566528315058429,
    "twitter_weighted_score": 0.5677445353354683
  },
  "east": {
    "sampers_weighted_score": 0.046910818688144625,
    "twitter_weighted_score": 0.1080449107413332
  },
  "west": {
    "sampers_weighted_score": 0.02727515131979394,
    "twitter_weighted_score": 0.1363726456025634
  }
}