{
  "national": {
    "sampers_weighted_score": 0.5660013039048217,
    "twitter_weighted_score": 0.5718740752860417
  },
  "east": {
    "sampers_weighted_score": 0.04697622687884814,
    "twitter_weighted_score": 0.10798276695974993
  },
  "west": {
    "sampers_weighted_score": 0.027540364660742535,
    "twitter_weighted_score": 0.13485241771938564
  }
}