{
  "national": {
    "sampers_weighted_score": 0.6219971217894477,
    "twitter_weighted_score": 0.5448892280259235
  },
  "east": {
    "sampers_weighted_score": 0.09307166249904267,
    "twitter_weighted_score": 0.32798939860249526
  },
  "west": {
    "sampers_weighted_score": 0.1335731750464958,
    "twitter_weighted_score": 0.3621114251741508
  }
}