{
  "national": {
    "sampers_weighted_score": 0.5752057691192501,
    "twitter_weighted_score": 0.5427992357528632
  },
  "east": {
    "sampers_weighted_score": 0.25919327604294407,
    "twitter_weighted_score": 0.265950679484999
  },
  "west": {
    "sampers_weighted_score": 0.32453934578794,
    "twitter_weighted_score": 0.31321362130967495
  }
}