{
  "national": {
    "sampers_weighted_score": 0.4873605037003379,
    "twitter_weighted_score": 0.5177740688107666
  },
  "east": {
    "sampers_weighted_score": 0.03823749842331029,
    "twitter_weighted_score": 0.16191139234411805
  },
  "west": {
    "sampers_weighted_score": 0.02311560642768992,
    "twitter_weighted_score": 0.2066008305501988
  }
}