{
  "national": {
    "sampers_weighted_score": 0.4932817699953173,
    "twitter_weighted_score": 0.5183731405698966
  },
  "east": {
    "sampers_weighted_score": 0.2986062039115009,
    "twitter_weighted_score": 0.35518703634625093
  },
  "west": {
    "sampers_weighted_score": 0.3507636111542825,
    "twitter_weighted_score": 0.39407449636458425
  }
}