{
  "national": 0.030928970620014058,
  "east": 0.014734528563449365,
  "west": 0.02165352279074772
}