{
  "national": {
    "sampers_weighted_score": 0.5710503622067699,
    "twitter_weighted_score": 0.5738923140560713
  },
  "east": {
    "sampers_weighted_score": 0.047264622965904605,
    "twitter_weighted_score": 0.10767868158948635
  },
  "west": {
    "sampers_weighted_score": 0.027807369110989473,
    "twitter_weighted_score": 0.1337882483871293
  }
}