{
  "national": {
    "sampers_weighted_score": 0.6000546000238319,
    "twitter_weighted_score": 0.529338728265151
  },
  "east": {
    "sampers_weighted_score": 0.14287772085912967,
    "twitter_weighted_score": 0.41745359947698263
  },
  "west": {
    "sampers_weighted_score": 0.3089183937776049,
    "twitter_weighted_score": 0.5976703629590184
  }
}