{
  "national": {
    "sampers_weighted_score": 0.47477916398357045,
    "twitter_weighted_score": 0.5121570992220389
  },
  "east": {
    "sampers_weighted_score": 0.2692211967321148,
    "twitter_weighted_score": 0.2344457239767151
  },
  "west": {
    "sampers_weighted_score": 0.3270237265232805,
    "twitter_weighted_score": 0.27481426322913166
  }
}