{
  "national": {
    "sampers_weighted_score": 0.49231258641429776,
    "twitter_weighted_score": 0.5055243938070331
  },
  "east": {
    "sampers_weighted_score": 0.2971478779674334,
    "twitter_weighted_score": 0.2901283727187285
  },
  "west": {
    "sampers_weighted_score": 0.35480470293650024,
    "twitter_weighted_score": 0.3221404879789151
  }
}