{
  "national": 0.07321587278855818,
  "east": 0.01486523625859206,
  "west": 0.02229841258420962
}