{
  "national": {
    "sampers_weighted_score": 0.5809501502454574,
    "twitter_weighted_score": 0.4911430529655838
  },
  "east": {
    "sampers_weighted_score": 0.2588017221889582,
    "twitter_weighted_score": 0.2633178747763738
  },
  "west": {
    "sampers_weighted_score": 0.3240564616791206,
    "twitter_weighted_score": 0.3097419464785012
  }
}