{
  "national": {
    "sampers_weighted_score": 0.5157610793304298,
    "twitter_weighted_score": 0.5224716484621926
  },
  "east": {
    "sampers_weighted_score": 0.29639989368814934,
    "twitter_weighted_score": 0.3166451441806572
  },
  "west": {
    "sampers_weighted_score": 0.3538040225047312,
    "twitter_weighted_score": 0.3546373629169398
  }
}