{
  "national": {
    "sampers_weighted_score": 0.4876154355529545,
    "twitter_weighted_score": 0.5293720335256935
  },
  "east": {
    "sampers_weighted_score": 0.2673149903966135,
    "twitter_weighted_score": 0.2528603847338974
  },
  "west": {
    "sampers_weighted_score": 0.3289604717193217,
    "twitter_weighted_score": 0.3026189783388874
  }
}