{
  "national": {
    "sampers_weighted_score": 0.45427508313886433,
    "twitter_weighted_score": 0.4994969958941441
  },
  "east": {
    "sampers_weighted_score": 0.2691715786151863,
    "twitter_weighted_score": 0.2290877755882323
  },
  "west": {
    "sampers_weighted_score": 0.3261153213160657,
    "twitter_weighted_score": 0.27076249624835474
  }
}