{
  "national": {
    "sampers_weighted_score": 0.6056563236663819,
    "twitter_weighted_score": 0.609275018957308
  },
  "east": {
    "sampers_weighted_score": 0.045120227255021655,
    "twitter_weighted_score": 0.13052685037088957
  },
  "west": {
    "sampers_weighted_score": 0.025746055849907058,
    "twitter_weighted_score": 0.16219874879585008
  }
}