{
  "national": {
    "sampers_weighted_score": 0.5037309444934999,
    "twitter_weighted_score": 0.5180972329237059
  },
  "east": {
    "sampers_weighted_score": 0.04927611741141352,
    "twitter_weighted_score": 0.07424430844684324
  },
  "west": {
    "sampers_weighted_score": 0.030185182943939674,
    "twitter_weighted_score": 0.09999126272746744
  }
}