{
  "national": {
    "sampers_weighted_score": 0.5322923114934885,
    "twitter_weighted_score": 0.5609142089621427
  },
  "east": {
    "sampers_weighted_score": 0.2852135825948346,
    "twitter_weighted_score": 0.3700093995348644
  },
  "west": {
    "sampers_weighted_score": 0.341022860474957,
    "twitter_weighted_score": 0.4149153569138439
  }
}