{
  "national": {
    "sampers_weighted_score": 0.48485017787223256,
    "twitter_weighted_score": 0.5185025877161944
  },
  "east": {
    "sampers_weighted_score": 0.293730912464053,
    "twitter_weighted_score": 0.3867898640824539
  },
  "west": {
    "sampers_weighted_score": 0.34169519628342654,
    "twitter_weighted_score": 0.4284377125656265
  }
}