{
  "national": {
    "sampers_weighted_score": 0.4955558380855519,
    "twitter_weighted_score": 0.5158712312987569
  },
  "east": {
    "sampers_weighted_score": 0.2986327862213613,
    "twitter_weighted_score": 0.32255739553021306
  },
  "west": {
    "sampers_weighted_score": 0.3536802035718438,
    "twitter_weighted_score": 0.3586360456949646
  }
}