{
  "national": NaN,
  "east": 0.01928207797483779,
  "west": 0.020395925409205595
}