{
  "national": {
    "sampers_weighted_score": 0.645624205174333,
    "twitter_weighted_score": 0.5389877754838378
  },
  "east": {
    "sampers_weighted_score": 0.08793293021321026,
    "twitter_weighted_score": 0.31069433759665277
  },
  "west": {
    "sampers_weighted_score": 0.13430755963952892,
    "twitter_weighted_score": 0.3599131016165489
  }
}