{
  "national": {
    "sampers_weighted_score": 0.5073962166680076,
    "twitter_weighted_score": 0.5345455959101496
  },
  "east": {
    "sampers_weighted_score": 0.26101154617544353,
    "twitter_weighted_score": 0.257663115785405
  },
  "west": {
    "sampers_weighted_score": 0.3251731580231557,
    "twitter_weighted_score": 0.30625373990273513
  }
}