{
  "national": {
    "sampers_weighted_score": 0.4908958504575625,
    "twitter_weighted_score": 0.48984096966427215
  },
  "east": {
    "sampers_weighted_score": 0.2957388080681772,
    "twitter_weighted_score": 0.2997401796853988
  },
  "west": {
    "sampers_weighted_score": 0.3542409230680024,
    "twitter_weighted_score": 0.33483304615960796
  }
}