{
  "national": {
    "sampers_weighted_score": 0.504620952343312,
    "twitter_weighted_score": 0.5194689614579
  },
  "east": {
    "sampers_weighted_score": 0.29837721852433025,
    "twitter_weighted_score": 0.30513093060409585
  },
  "west": {
    "sampers_weighted_score": 0.3535481429885428,
    "twitter_weighted_score": 0.3384478900626813
  }
}