{
  "national": {
    "sampers_weighted_score": 0.491207282457188,
    "twitter_weighted_score": 0.5172908088432666
  },
  "east": {
    "sampers_weighted_score": 0.26503776051434924,
    "twitter_weighted_score": 0.24061061878511975
  },
  "west": {
    "sampers_weighted_score": 0.3269597066116487,
    "twitter_weighted_score": 0.28280522693781335
  }
}