{
  "national": {
    "sampers_weighted_score": 0.6057277148606917,
    "twitter_weighted_score": 0.5268281821630719
  },
  "east": {
    "sampers_weighted_score": 0.09163725396302894,
    "twitter_weighted_score": 0.3267710928956973
  },
  "west": {
    "sampers_weighted_score": 0.1321318703299092,
    "twitter_weighted_score": 0.3602948883863691
  }
}