{
  "national": {
    "sampers_weighted_score": 0.5091708774408286,
    "twitter_weighted_score": 0.5220764783074338
  },
  "east": {
    "sampers_weighted_score": 0.2955545353313611,
    "twitter_weighted_score": 0.3266757336244229
  },
  "west": {
    "sampers_weighted_score": 0.3531876132120169,
    "twitter_weighted_score": 0.36540876756311436
  }
}