{
  "national": {
    "sampers_weighted_score": 0.5828604673112305,
    "twitter_weighted_score": 0.5621162142112333
  },
  "east": {
    "sampers_weighted_score": 0.2583786393065386,
    "twitter_weighted_score": 0.26674289188070843
  },
  "west": {
    "sampers_weighted_score": 0.32508777152681645,
    "twitter_weighted_score": 0.3153144235029895
  }
}