{
  "national": {
    "sampers_weighted_score": 0.51705610418815,
    "twitter_weighted_score": 0.5239749352523886
  },
  "east": {
    "sampers_weighted_score": 0.29650169784271474,
    "twitter_weighted_score": 0.3145518193726615
  },
  "west": {
    "sampers_weighted_score": 0.35363040792943506,
    "twitter_weighted_score": 0.35002612340400974
  }
}