{
  "national": {
    "sampers_weighted_score": 0.6124256156604004,
    "twitter_weighted_score": 0.547696979803178
  },
  "east": {
    "sampers_weighted_score": 0.13769333182368265,
    "twitter_weighted_score": 0.42778957755218167
  },
  "west": {
    "sampers_weighted_score": 0.3088626574170135,
    "twitter_weighted_score": 0.6045488141387183
  }
}