{
  "national": 0.04371654541174217,
  "east": 0.007625145175279682,
  "west": 0.014944509209143695
}