{
  "national": {
    "sampers_weighted_score": 0.5896644386580273,
    "twitter_weighted_score": 0.5349005527388366
  },
  "east": {
    "sampers_weighted_score": 0.2586663680338065,
    "twitter_weighted_score": 0.26406345067622994
  },
  "west": {
    "sampers_weighted_score": 0.32549854458547745,
    "twitter_weighted_score": 0.3124771340226864
  }
}