{
  "national": {
    "sampers_weighted_score": 0.5142988338590198,
    "twitter_weighted_score": 0.5072855887168569
  },
  "east": {
    "sampers_weighted_score": 0.29572890681482716,
    "twitter_weighted_score": 0.2998283183812228
  },
  "west": {
    "sampers_weighted_score": 0.3531759757393433,
    "twitter_weighted_score": 0.3327132141493474
  }
}