{
  "national": {
    "sampers_weighted_score": 0.5934069170018561,
    "twitter_weighted_score": 0.5759869272629997
  },
  "east": {
    "sampers_weighted_score": 0.32191215542311863,
    "twitter_weighted_score": 0.3361034186472529
  },
  "west": {
    "sampers_weighted_score": 0.3918958550164292,
    "twitter_weighted_score": 0.36959191953688375
  }
}