{
  "national": {
    "sampers_weighted_score": 0.47300319541264363,
    "twitter_weighted_score": 0.4899948732357008
  },
  "east": {
    "sampers_weighted_score": 0.265705842655336,
    "twitter_weighted_score": 0.2386345630415553
  },
  "west": {
    "sampers_weighted_score": 0.325792887810285,
    "twitter_weighted_score": 0.2798937350789526
  }
}