{
  "national": {
    "sampers_weighted_score": 0.6502790627422299,
    "twitter_weighted_score": 0.5807291523085679
  },
  "east": {
    "sampers_weighted_score": 0.09317084688783002,
    "twitter_weighted_score": 0.32978319734740996
  },
  "west": {
    "sampers_weighted_score": 0.1344848383417723,
    "twitter_weighted_score": 0.3646220468738381
  }
}