{
  "national": {
    "sampers_weighted_score": 0.6419710962883446,
    "twitter_weighted_score": 0.569610352828867
  },
  "east": {
    "sampers_weighted_score": 0.09282241275958839,
    "twitter_weighted_score": 0.32942471651822686
  },
  "west": {
    "sampers_weighted_score": 0.1343383753389259,
    "twitter_weighted_score": 0.36411520662517755
  }
}