{
  "national": {
    "sampers_weighted_score": 0.5569735294225602,
    "twitter_weighted_score": 0.5612875433931066
  },
  "east": {
    "sampers_weighted_score": 0.04628617579857192,
    "twitter_weighted_score": 0.11835083385528217
  },
  "west": {
    "sampers_weighted_score": 0.027123076140898032,
    "twitter_weighted_score": 0.14795934568257046
  }
}