{
  "national": {
    "sampers_weighted_score": 0.5177176792708285,
    "twitter_weighted_score": 0.5332184658087702
  },
  "east": {
    "sampers_weighted_score": 0.043210862178101515,
    "twitter_weighted_score": 0.1353328512503736
  },
  "west": {
    "sampers_weighted_score": 0.02539182082186322,
    "twitter_weighted_score": 0.17229437939177486
  }
}