{
  "national": {
    "sampers_weighted_score": 0.5238242976335672,
    "twitter_weighted_score": 0.5326981421819802
  },
  "east": {
    "sampers_weighted_score": 0.2968199066978976,
    "twitter_weighted_score": 0.3325866596577914
  },
  "west": {
    "sampers_weighted_score": 0.3514921619446352,
    "twitter_weighted_score": 0.3695046300626711
  }
}