{
  "national": {
    "sampers_weighted_score": 0.4902446339504323,
    "twitter_weighted_score": 0.5186110422003204
  },
  "east": {
    "sampers_weighted_score": 0.29756038769254356,
    "twitter_weighted_score": 0.3550065563472191
  },
  "west": {
    "sampers_weighted_score": 0.34935298491988226,
    "twitter_weighted_score": 0.3932228009630079
  }
}