{
  "national": {
    "sampers_weighted_score": 0.5161637195820211,
    "twitter_weighted_score": 0.5286006329646579
  },
  "east": {
    "sampers_weighted_score": 0.29714284824763265,
    "twitter_weighted_score": 0.3335743430596003
  },
  "west": {
    "sampers_weighted_score": 0.3541360005899013,
    "twitter_weighted_score": 0.370218248600813
  }
}