country,runid,p,gamma,beta,national
netherlands,20200908_061313,0.9,0.5,0.07,0.0020236228640753222
netherlands,20200908_084055,0.8,4.0,0.06,0.04537369298174358
netherlands,20200908_085748,0.8,0.6,0.06,0.0034004468777019516
netherlands,20200908_091436,0.9,4.0,0.06,0.043455263114941495
netherlands,20200908_092958,0.9,0.6,0.06,0.002632459062089186
netherlands,20200908_094658,0.8,4.0,0.08,0.07199439456252976
netherlands,20200908_100230,0.8,0.6,0.08,0.00524251892152306
netherlands,20200908_101939,0.9,4.0,0.08,0.0705466005363328
netherlands,20200908_103513,0.9,0.6,0.08,0.0038502720220133756
