{
  "national": {
    "runid": "20200908_061313",
    "p": 0.9,
    "gamma": 0.5,
    "beta": 0.07,
    "kl": 0.0020236228640753227,
    "kl-v": 0.0017795890149853175
  }
}