{
  "national": {
    "runid": "20200909_112804",
    "p": 0.8,
    "gamma": 0.4,
    "beta": 0.08,
    "kl": 0.002698007762494057,
    "kl-v": 0.003323546621615964
  }
}