{
  "national": {
    "runid": "20200907_100959",
    "p": 0.2,
    "gamma": 0.4,
    "beta": 0.015,
    "kl": 0.019194475908723342,
    "kl-v": {
      "national": 0.010486770093850385,
      "east": 0.04402809282135431,
      "west": 0.06358853816660483
    }
  },
  "east": {
    "runid": "20200907_145540",
    "p": 0.2,
    "gamma": 0.9,
    "beta": 0.04,
    "kl": 0.01486523625859206,
    "kl-v": {
      "national": 0.04371654541174217,
      "east": 0.007625145175279682,
      "west": 0.014944509209143695
    }
  },
  "west": {
    "runid": "20200906_223440",
    "p": 0.3,
    "gamma": 0.8,
    "beta": 0.03,
    "kl": 0.020395925409205595,
    "kl-v": {
      "national": 0.030928970620014058,
      "east": 0.014734528563449365,
      "west": 0.02165352279074772
    }
  }
}