{
  "national": {
    "sampers_weighted_score": 0.6177735822949586,
    "twitter_weighted_score": 0.6231931394518571
  },
  "east": {
    "sampers_weighted_score": 0.04644999632295538,
    "twitter_weighted_score": 0.12138935323504879
  },
  "west": {
    "sampers_weighted_score": 0.02677336870212952,
    "twitter_weighted_score": 0.14991247122171647
  }
}