{
  "national": {
    "sampers_weighted_score": 0.5245981351559005,
    "twitter_weighted_score": 0.5414339221344866
  },
  "east": {
    "sampers_weighted_score": 0.03911991248410093,
    "twitter_weighted_score": 0.1607548749883364
  },
  "west": {
    "sampers_weighted_score": 0.02274091471731219,
    "twitter_weighted_score": 0.2015768796466273
  }
}