{
  "national": {
    "sampers_weighted_score": 0.4938613260696464,
    "twitter_weighted_score": 0.5334339709443812
  },
  "east": {
    "sampers_weighted_score": 0.2640243149554803,
    "twitter_weighted_score": 0.2697705281513547
  },
  "west": {
    "sampers_weighted_score": 0.32770945591044875,
    "twitter_weighted_score": 0.3269335637099796
  }
}