{
  "national": {
    "sampers_weighted_score": 0.5843880794380923,
    "twitter_weighted_score": 0.5109896051178572
  },
  "east": {
    "sampers_weighted_score": 0.25987416718764816,
    "twitter_weighted_score": 0.26377890613660204
  },
  "west": {
    "sampers_weighted_score": 0.3250667306003009,
    "twitter_weighted_score": 0.3102293234826609
  }
}