{
  "national": {
    "sampers_weighted_score": 0.49254179590610264,
    "twitter_weighted_score": 0.5169161357652183
  },
  "east": {
    "sampers_weighted_score": 0.29890662680741287,
    "twitter_weighted_score": 0.34440494926059373
  },
  "west": {
    "sampers_weighted_score": 0.3522417030786427,
    "twitter_weighted_score": 0.38453348137621635
  }
}