{
  "national": {
    "sampers_weighted_score": 0.5890563128065589,
    "twitter_weighted_score": 0.5124624262925103
  },
  "east": {
    "sampers_weighted_score": 0.17156907442864108,
    "twitter_weighted_score": 0.44474464418881493
  },
  "west": {
    "sampers_weighted_score": 0.33725422791210885,
    "twitter_weighted_score": 0.6167895369866374
  }
}