{
  "national": {
    "sampers_weighted_score": 0.5871595611809908,
    "twitter_weighted_score": 0.5836392178403805
  },
  "east": {
    "sampers_weighted_score": 0.2578822769594211,
    "twitter_weighted_score": 0.2686017764010834
  },
  "west": {
    "sampers_weighted_score": 0.32305500214487926,
    "twitter_weighted_score": 0.3163931737113733
  }
}