{
  "national": {
    "sampers_weighted_score": 0.5725278794127231,
    "twitter_weighted_score": 0.576311200336228
  },
  "east": {
    "sampers_weighted_score": 0.043185653583543655,
    "twitter_weighted_score": 0.14056057258732094
  },
  "west": {
    "sampers_weighted_score": 0.024977436337489167,
    "twitter_weighted_score": 0.1749054369316184
  }
}