{
  "national": {
    "sampers_weighted_score": 0.49599290862547424,
    "twitter_weighted_score": 0.5219035509425863
  },
  "east": {
    "sampers_weighted_score": 0.26522336747724956,
    "twitter_weighted_score": 0.24435764310797817
  },
  "west": {
    "sampers_weighted_score": 0.3261750553030216,
    "twitter_weighted_score": 0.28663699566802486
  }
}