{
  "national": {
    "sampers_weighted_score": 0.5043246337620026,
    "twitter_weighted_score": 0.52974968330676
  },
  "east": {
    "sampers_weighted_score": 0.03703888035757626,
    "twitter_weighted_score": 0.1680874089549505
  },
  "west": {
    "sampers_weighted_score": 0.02177156781794224,
    "twitter_weighted_score": 0.21097866871016482
  }
}