{
  "national": {
    "sampers_weighted_score": 0.5586371627484241,
    "twitter_weighted_score": 0.5640927284779701
  },
  "east": {
    "sampers_weighted_score": 0.04252331458724716,
    "twitter_weighted_score": 0.14533006792710704
  },
  "west": {
    "sampers_weighted_score": 0.024600733997969443,
    "twitter_weighted_score": 0.18067399436161183
  }
}