{
  "national": {
    "sampers_weighted_score": 0.5153361828727585,
    "twitter_weighted_score": 0.5319210290628844
  },
  "east": {
    "sampers_weighted_score": 0.04430112239123354,
    "twitter_weighted_score": 0.13692989378194892
  },
  "west": {
    "sampers_weighted_score": 0.02531860676723147,
    "twitter_weighted_score": 0.170892756165549
  }
}