{
  "national": {
    "sampers_weighted_score": 0.5598062264088475,
    "twitter_weighted_score": 0.5465650874461182
  },
  "east": {
    "sampers_weighted_score": 0.2630813824612454,
    "twitter_weighted_score": 0.2489572687351977
  },
  "west": {
    "sampers_weighted_score": 0.32664562130871183,
    "twitter_weighted_score": 0.29228982192958575
  }
}